pr	2	Closed by the 2.0.0 rewrite ({SHA}): the lockfile was regenerated and the tools that brought this package in (request, snyk, ava 2, nyc 14, xo 0.25, coveralls) are gone. Dependabot alerts: 0.
pr	4	Closed by the 2.0.0 rewrite ({SHA}): the lockfile was regenerated and the tools that brought this package in (request, snyk, ava 2, nyc 14, xo 0.25, coveralls) are gone. Dependabot alerts: 0.
pr	7	Closed by the 2.0.0 rewrite ({SHA}): the lockfile was regenerated and the tools that brought this package in (request, snyk, ava 2, nyc 14, xo 0.25, coveralls) are gone. Dependabot alerts: 0.
pr	8	Closed by the 2.0.0 rewrite ({SHA}): the lockfile was regenerated and the tools that brought this package in (request, snyk, ava 2, nyc 14, xo 0.25, coveralls) are gone. Dependabot alerts: 0.
pr	9	Closed by the 2.0.0 rewrite ({SHA}): the lockfile was regenerated and the tools that brought this package in (request, snyk, ava 2, nyc 14, xo 0.25, coveralls) are gone. Dependabot alerts: 0.
pr	10	Closed by the 2.0.0 rewrite ({SHA}): the lockfile was regenerated and the tools that brought this package in (request, snyk, ava 2, nyc 14, xo 0.25, coveralls) are gone. Dependabot alerts: 0.
pr	11	Closed by the 2.0.0 rewrite ({SHA}): the lockfile was regenerated and the tools that brought this package in (request, snyk, ava 2, nyc 14, xo 0.25, coveralls) are gone. Dependabot alerts: 0.
pr	12	Closed by the 2.0.0 rewrite ({SHA}): the lockfile was regenerated and the tools that brought this package in (request, snyk, ava 2, nyc 14, xo 0.25, coveralls) are gone. Dependabot alerts: 0.
pr	13	Closed by the 2.0.0 rewrite ({SHA}): the lockfile was regenerated and the tools that brought this package in (request, snyk, ava 2, nyc 14, xo 0.25, coveralls) are gone. Dependabot alerts: 0.
pr	14	Closed by the 2.0.0 rewrite ({SHA}): the lockfile was regenerated and the tools that brought this package in (request, snyk, ava 2, nyc 14, xo 0.25, coveralls) are gone. Dependabot alerts: 0.
pr	15	Closed by the 2.0.0 rewrite ({SHA}): the lockfile was regenerated and the tools that brought this package in (request, snyk, ava 2, nyc 14, xo 0.25, coveralls) are gone. Dependabot alerts: 0.
pr	16	Closed by the 2.0.0 rewrite ({SHA}): the lockfile was regenerated and the tools that brought this package in (request, snyk, ava 2, nyc 14, xo 0.25, coveralls) are gone. Dependabot alerts: 0.
pr	17	Closed by the 2.0.0 rewrite ({SHA}): the lockfile was regenerated and the tools that brought this package in (request, snyk, ava 2, nyc 14, xo 0.25, coveralls) are gone. Dependabot alerts: 0.
pr	18	Closed by the 2.0.0 rewrite ({SHA}): the lockfile was regenerated and the tools that brought this package in (request, snyk, ava 2, nyc 14, xo 0.25, coveralls) are gone. Dependabot alerts: 0.
pr	19	Closed by the 2.0.0 rewrite ({SHA}): the lockfile was regenerated and the tools that brought this package in (request, snyk, ava 2, nyc 14, xo 0.25, coveralls) are gone. Dependabot alerts: 0.
pr	20	Closed by the 2.0.0 rewrite ({SHA}): request is no longer a dependency; 2.0.0 uses the platform's fetch. Snyk is no longer used on this repository.
pr	21	Closed by the 2.0.0 rewrite ({SHA}): request is no longer a dependency; 2.0.0 uses the platform's fetch. Snyk is no longer used on this repository.
hook	14564188
hook	83050034
hook	278631033
